SECTION,LINK
"<a class=""titulo-h1 anchor-bum color-luminati-2"" name=""item2"">2 Cell Site Maintenance Process</a>",field_force_mgmt.html
"<a class=""titulo-h2 anchor-bum color-luminati-2"" name=""item2-1"">2.1 Cell Site Maintenance Process Overview</a>",field_force_mgmt.html
"<a class=""titulo-h2 anchor-bum color-luminati-2"" name=""item2-3"">2.3 Work Order Execution</a>",i&c_module.html
3.1.1 Preventive Maintenance.,field_force_mgmt.html
3.2.1 Field Maintenance Manual,https://github.com/teleworxllc/NaaSRunBook/blob/gh-pages/Field%20Maintenance/Templates/MoE_Maintenance_manual_template_V2.docx
3.2.1.2 Maintenance Pre-work,field_force_mgmt.html
3.2.1.5 Corrective Maintenance Instructions,https://github.com/teleworxllc/NaaSRunBook/blob/gh-pages/Field%20Maintenance/Templates/MoE_Maintenance_manual_template_V2.docx
3.2.2 Maintenance Intervention Report,field_force_managment
3.2.2 Maintenance Intervention Report,https://github.com/teleworxllc/NaaSRunBook/blob/gh-pages/Field%20Maintenance/Templates/MoE_Maintenance_Report_Template.docx
